,req_turning,req_milling,plan,req_sheet_metal,req_sheet_metal_inserts,one_manufacturer,post_id_manuf,sheet_metal_inserts,sheet_metal_weldings,sheet_metal_punching,employees_num,country,predBidProb,manufacturer_name
16,0,1,quick,1,0,0,5314,1,1,1,50+,CN,0.4522482223849909,Hongding Photoelectric Technology
5,0,1,quick,1,0,0,788,1,1,1,21-50,IL,0.37485069295889734,Zahavi steel ltd.
20,0,1,quick,1,0,0,15228,1,1,1,50+,TR,0.21562378108447836,Metalif Inc.
11,0,1,quick,1,0,0,2184,1,1,1,6-20,IL,0.1869364276090422,P.D.R ELECTRONICS
19,0,1,quick,1,0,0,15212,1,0,1,6-20,TR,0.1718913464012593,FGM TEKNİK
5,0,1,quick,1,0,1,788,1,1,1,21-50,IL,0.5635257304723532,Zahavi steel ltd.
16,0,1,quick,1,0,1,5314,1,1,1,50+,CN,0.30738932090844234,Hongding Photoelectric Technology
13,0,1,quick,1,0,1,4753,1,1,0,6-20,IL,0.2988194061399913,Aloni engineering
11,0,1,quick,1,0,1,2184,1,1,1,6-20,IL,0.29608525488557197,P.D.R ELECTRONICS
20,0,1,quick,1,0,1,15228,1,1,1,50+,TR,0.28911293175014136,Metalif Inc.
5,0,1,quick,1,1,0,788,1,1,1,21-50,IL,0.4536648896139076,Zahavi steel ltd.
16,0,1,quick,1,1,0,5314,1,1,1,50+,CN,0.4494723533285321,Hongding Photoelectric Technology
20,0,1,quick,1,1,0,15228,1,1,1,50+,TR,0.36057327985302584,Metalif Inc.
11,0,1,quick,1,1,0,2184,1,1,1,6-20,IL,0.25168085773570115,P.D.R ELECTRONICS
4,0,1,quick,1,1,0,774,1,1,1,21-50,IL,0.14875898269056453,R.Benes Metal Ltd.
5,0,1,quick,1,1,1,788,1,1,1,21-50,IL,0.6413141604278333,Zahavi steel ltd.
20,0,1,quick,1,1,1,15228,1,1,1,50+,TR,0.4548187357298244,Metalif Inc.
11,0,1,quick,1,1,1,2184,1,1,1,6-20,IL,0.3809219608095784,P.D.R ELECTRONICS
16,0,1,quick,1,1,1,5314,1,1,1,50+,CN,0.3050074847900648,Hongding Photoelectric Technology
35,0,1,quick,1,1,1,44404,1,1,1,6-20,IL,0.18856534069720365,4MODEL
16,0,1,quick,0,0,0,5314,1,1,1,50+,CN,0.3368109048519169,Hongding Photoelectric Technology
19,0,1,quick,0,0,0,15212,1,0,1,6-20,TR,0.314402252244722,FGM TEKNİK
13,0,1,quick,0,0,0,4753,1,1,0,6-20,IL,0.2840485475806947,Aloni engineering
11,0,1,quick,0,0,0,2184,1,1,1,6-20,IL,0.21587048935087705,P.D.R ELECTRONICS
3,0,1,quick,0,0,0,770,0,0,0,6-20,IL,0.2151158899189837,M.ash presicion mechanics
13,0,1,quick,0,0,1,4753,1,1,0,6-20,IL,0.5281727695566413,Aloni engineering
11,0,1,quick,0,0,1,2184,1,1,1,6-20,IL,0.33495362898030606,P.D.R ELECTRONICS
3,0,1,quick,0,0,1,770,0,0,0,6-20,IL,0.3309025904721988,M.ash presicion mechanics
5,0,1,quick,0,0,1,788,1,1,1,21-50,IL,0.265748394569779,Zahavi steel ltd.
16,0,1,quick,0,0,1,5314,1,1,1,50+,CN,0.21445119052795122,Hongding Photoelectric Technology
16,0,1,quick,0,1,0,5314,1,1,1,50+,CN,0.3343111327792087,Hongding Photoelectric Technology
11,0,1,quick,0,1,0,2184,1,1,1,6-20,IL,0.28709754695389905,P.D.R ELECTRONICS
19,0,1,quick,0,1,0,15212,1,0,1,6-20,TR,0.20852378401431784,FGM TEKNİK
5,0,1,quick,0,1,0,788,1,1,1,21-50,IL,0.1888256217537151,Zahavi steel ltd.
20,0,1,quick,0,1,0,15228,1,1,1,50+,TR,0.13964293644806014,Metalif Inc.
11,0,1,quick,0,1,1,2184,1,1,1,6-20,IL,0.4242155516053224,P.D.R ELECTRONICS
5,0,1,quick,0,1,1,788,1,1,1,21-50,IL,0.3338745242181325,Zahavi steel ltd.
13,0,1,quick,0,1,1,4753,1,1,0,6-20,IL,0.29289536442038044,Aloni engineering
3,0,1,quick,0,1,1,770,0,0,0,6-20,IL,0.21323248029860786,M.ash presicion mechanics
16,0,1,quick,0,1,1,5314,1,1,1,50+,CN,0.2125684770482254,Hongding Photoelectric Technology
16,0,1,standard,1,0,0,5314,1,1,1,50+,CN,0.44984918675538543,Hongding Photoelectric Technology
20,0,1,standard,1,0,0,15228,1,1,1,50+,TR,0.42825398996199576,Metalif Inc.
19,0,1,standard,1,0,0,15212,1,0,1,6-20,TR,0.2515105437202777,FGM TEKNİK
5,0,1,standard,1,0,0,788,1,1,1,21-50,IL,0.24662191797406638,Zahavi steel ltd.
10,0,1,standard,1,0,0,1714,1,1,1,50+,HU,0.1996181659410254,MATIC Kft.
20,0,1,standard,1,0,1,15228,1,1,1,50+,TR,0.5256472303027887,Metalif Inc.
5,0,1,standard,1,0,1,788,1,1,1,21-50,IL,0.41343954265978533,Zahavi steel ltd.
16,0,1,standard,1,0,1,5314,1,1,1,50+,CN,0.30533037396380136,Hongding Photoelectric Technology
11,0,1,standard,1,0,1,2184,1,1,1,6-20,IL,0.29368871089913284,P.D.R ELECTRONICS
13,0,1,standard,1,0,1,4753,1,1,0,6-20,IL,0.267597164483289,Aloni engineering
20,0,1,standard,1,1,0,15228,1,1,1,50+,TR,0.6057538905730687,Metalif Inc.
16,0,1,standard,1,1,0,5314,1,1,1,50+,CN,0.4470760241482412,Hongding Photoelectric Technology
5,0,1,standard,1,1,0,788,1,1,1,21-50,IL,0.31192785585422045,Zahavi steel ltd.
11,0,1,standard,1,1,0,2184,1,1,1,6-20,IL,0.24951632623218017,P.D.R ELECTRONICS
19,0,1,standard,1,1,0,15212,1,0,1,6-20,TR,0.161812838379367,FGM TEKNİK
20,0,1,standard,1,1,1,15228,1,1,1,50+,TR,0.6944816427219705,Metalif Inc.
5,0,1,standard,1,1,1,788,1,1,1,21-50,IL,0.4939564250068596,Zahavi steel ltd.
11,0,1,standard,1,1,1,2184,1,1,1,6-20,IL,0.37820768586637127,P.D.R ELECTRONICS
16,0,1,standard,1,1,1,5314,1,1,1,50+,CN,0.30295751331713655,Hongding Photoelectric Technology
25,0,1,standard,1,1,1,19928,1,1,1,6-20,IL,0.1380243501493732,"א.ל. כרסומטל זיווד בע""מ"
19,0,1,standard,0,0,0,15212,1,0,1,6-20,TR,0.4260689049752788,FGM TEKNİK
16,0,1,standard,0,0,0,5314,1,1,1,50+,CN,0.3346501061700158,Hongding Photoelectric Technology
13,0,1,standard,0,0,0,4753,1,1,0,6-20,IL,0.25381099156641845,Aloni engineering
11,0,1,standard,0,0,0,2184,1,1,1,6-20,IL,0.2139258939992094,P.D.R ELECTRONICS
15,0,1,standard,0,0,0,5011,0,0,0,6-20,IL,0.19582980482017176,YAAF
13,0,1,standard,0,0,1,4753,1,1,0,6-20,IL,0.4897236199892686,Aloni engineering
11,0,1,standard,0,0,1,2184,1,1,1,6-20,IL,0.3323910378278767,P.D.R ELECTRONICS
19,0,1,standard,0,0,1,15212,1,0,1,6-20,TR,0.2990303664254705,FGM TEKNİK
20,0,1,standard,0,0,1,15228,1,1,1,50+,TR,0.24182444584436688,Metalif Inc.
16,0,1,standard,0,0,1,5314,1,1,1,50+,CN,0.212823474401199,Hongding Photoelectric Technology
16,0,1,standard,0,1,0,5314,1,1,1,50+,CN,0.3321583390642629,Hongding Photoelectric Technology
20,0,1,standard,0,1,0,15228,1,1,1,50+,TR,0.30663816779690894,Metalif Inc.
19,0,1,standard,0,1,0,15212,1,0,1,6-20,TR,0.29898473831715744,FGM TEKNİK
11,0,1,standard,0,1,0,2184,1,1,1,6-20,IL,0.2847443229370348,P.D.R ELECTRONICS
5,0,1,standard,0,1,0,788,1,1,1,21-50,IL,0.11275467196772607,Zahavi steel ltd.
11,0,1,standard,0,1,1,2184,1,1,1,6-20,IL,0.42140277390964853,P.D.R ELECTRONICS
20,0,1,standard,0,1,1,15228,1,1,1,50+,TR,0.3955059244020254,Metalif Inc.
13,0,1,standard,0,1,1,4753,1,1,0,6-20,IL,0.2620607609522512,Aloni engineering
5,0,1,standard,0,1,1,788,1,1,1,21-50,IL,0.2148455881679294,Zahavi steel ltd.
16,0,1,standard,0,1,1,5314,1,1,1,50+,CN,0.21095121353917515,Hongding Photoelectric Technology
5,0,1,urgent,1,0,0,788,1,1,1,21-50,IL,0.6678047106386674,Zahavi steel ltd.
16,0,1,urgent,1,0,0,5314,1,1,1,50+,CN,0.2214872973965819,Hongding Photoelectric Technology
3,0,1,urgent,1,0,0,770,0,0,0,6-20,IL,0.15097883036683724,M.ash presicion mechanics
4,0,1,urgent,1,0,0,774,1,1,1,21-50,IL,0.14811840969454046,R.Benes Metal Ltd.
17,0,1,urgent,1,0,0,7490,1,1,0,6-20,IL,0.1182978061342273,GS ELECTRONIC PACKAGING
5,0,1,urgent,1,0,1,788,1,1,1,21-50,IL,0.8123296173779061,Zahavi steel ltd.
3,0,1,urgent,1,0,1,770,0,0,0,6-20,IL,0.24292842813360488,M.ash presicion mechanics
13,0,1,urgent,1,0,1,4753,1,1,0,6-20,IL,0.20018650404778293,Aloni engineering
20,0,1,urgent,1,0,1,15228,1,1,1,50+,TR,0.1409246883280346,Metalif Inc.
11,0,1,urgent,1,0,1,2184,1,1,1,6-20,IL,0.13768668156703426,P.D.R ELECTRONICS
5,0,1,urgent,1,1,0,788,1,1,1,21-50,IL,0.7357241360471777,Zahavi steel ltd.
16,0,1,urgent,1,1,0,5314,1,1,1,50+,CN,0.21956007748189438,Hongding Photoelectric Technology
4,0,1,urgent,1,1,0,774,1,1,1,21-50,IL,0.20191897557876848,R.Benes Metal Ltd.
17,0,1,urgent,1,1,0,7490,1,1,0,6-20,IL,0.18897595295855665,GS ELECTRONIC PACKAGING
20,0,1,urgent,1,1,0,15228,1,1,1,50+,TR,0.1853048658153651,Metalif Inc.
5,0,1,urgent,1,1,1,788,1,1,1,21-50,IL,0.8570263138619258,Zahavi steel ltd.
20,0,1,urgent,1,1,1,15228,1,1,1,50+,TR,0.2517775920110873,Metalif Inc.
11,0,1,urgent,1,1,1,2184,1,1,1,6-20,IL,0.18934604582603062,P.D.R ELECTRONICS
4,0,1,urgent,1,1,1,774,1,1,1,21-50,IL,0.1692554621486512,R.Benes Metal Ltd.
3,0,1,urgent,1,1,1,770,0,0,0,6-20,IL,0.149549966909844,M.ash presicion mechanics
5,0,1,urgent,0,0,0,788,1,1,1,21-50,IL,0.3604267101175995,Zahavi steel ltd.
3,0,1,urgent,0,0,0,770,0,0,0,6-20,IL,0.3096697446866152,M.ash presicion mechanics
15,0,1,urgent,0,0,0,5011,0,0,0,6-20,IL,0.23284812139828892,YAAF
13,0,1,urgent,0,0,0,4753,1,1,0,6-20,IL,0.18897713257407928,Aloni engineering
19,0,1,urgent,0,0,0,15212,1,0,1,6-20,TR,0.16446979718935478,FGM TEKNİK
5,0,1,urgent,0,0,1,788,1,1,1,21-50,IL,0.5482082035535774,Zahavi steel ltd.
3,0,1,urgent,0,0,1,770,0,0,0,6-20,IL,0.44734343352455735,M.ash presicion mechanics
13,0,1,urgent,0,0,1,4753,1,1,0,6-20,IL,0.39666213459149846,Aloni engineering
11,0,1,urgent,0,0,1,2184,1,1,1,6-20,IL,0.16050265109023473,P.D.R ELECTRONICS
15,0,1,urgent,0,0,1,5011,0,0,0,6-20,IL,0.1350791990820361,YAAF
5,0,1,urgent,0,1,0,788,1,1,1,21-50,IL,0.43833463477645207,Zahavi steel ltd.
3,0,1,urgent,0,1,0,770,0,0,0,6-20,IL,0.19732339933450013,M.ash presicion mechanics
16,0,1,urgent,0,1,0,5314,1,1,1,50+,CN,0.1475208363159413,Hongding Photoelectric Technology
11,0,1,urgent,0,1,0,2184,1,1,1,6-20,IL,0.13260142700343513,P.D.R ELECTRONICS
15,0,1,urgent,0,1,0,5011,0,0,0,6-20,IL,0.11983273335695185,YAAF
5,0,1,urgent,0,1,1,788,1,1,1,21-50,IL,0.6269192064059294,Zahavi steel ltd.
3,0,1,urgent,0,1,1,770,0,0,0,6-20,IL,0.30728258896703,M.ash presicion mechanics
11,0,1,urgent,0,1,1,2184,1,1,1,6-20,IL,0.21855281621905553,P.D.R ELECTRONICS
13,0,1,urgent,0,1,1,4753,1,1,0,6-20,IL,0.19567217183747662,Aloni engineering
20,0,1,urgent,0,1,1,15228,1,1,1,50+,TR,0.08830279917185117,Metalif Inc.
16,0,0,quick,1,0,0,5314,1,1,1,50+,CN,0.3620383062063377,Hongding Photoelectric Technology
5,0,0,quick,1,0,0,788,1,1,1,21-50,IL,0.29185331923728264,Zahavi steel ltd.
20,0,0,quick,1,0,0,15228,1,1,1,50+,TR,0.15891933461774935,Metalif Inc.
11,0,0,quick,1,0,0,2184,1,1,1,6-20,IL,0.13646362956368682,P.D.R ELECTRONICS
19,0,0,quick,1,0,0,15212,1,0,1,6-20,TR,0.1248569162533426,FGM TEKNİK
5,0,0,quick,1,0,1,788,1,1,1,21-50,IL,0.47017205543032603,Zahavi steel ltd.
16,0,0,quick,1,0,1,5314,1,1,1,50+,CN,0.23374394126127637,Hongding Photoelectric Technology
13,0,0,quick,1,0,1,4753,1,1,0,6-20,IL,0.22655562314687663,Aloni engineering
11,0,0,quick,1,0,1,2184,1,1,1,6-20,IL,0.2242711900566252,P.D.R ELECTRONICS
20,0,0,quick,1,0,1,15228,1,1,1,50+,TR,0.21846512412593022,Metalif Inc.
5,0,0,quick,1,1,0,788,1,1,1,21-50,IL,0.3633598465284071,Zahavi steel ltd.
16,0,0,quick,1,1,0,5314,1,1,1,50+,CN,0.35945278176491685,Hongding Photoelectric Technology
20,0,0,quick,1,1,0,15228,1,1,1,50+,TR,0.27932465622555813,Metalif Inc.
11,0,0,quick,1,1,0,2184,1,1,1,6-20,IL,0.18776403003238437,P.D.R ELECTRONICS
4,0,0,quick,1,1,0,774,1,1,1,21-50,IL,0.10723458258992467,R.Benes Metal Ltd.
5,0,0,quick,1,1,1,788,1,1,1,21-50,IL,0.5513521302178517,Zahavi steel ltd.
20,0,0,quick,1,1,1,15228,1,1,1,50+,TR,0.3644372222600299,Metalif Inc.
11,0,0,quick,1,1,1,2184,1,1,1,6-20,IL,0.2972194352361625,P.D.R ELECTRONICS
16,0,0,quick,1,1,1,5314,1,1,1,50+,CN,0.23174181929827067,Hongding Photoelectric Technology
35,0,0,quick,1,1,1,44404,1,1,1,6-20,IL,0.1377272365146925,4MODEL
16,0,0,quick,0,0,0,5314,1,1,1,50+,CN,0.25874998439074703,Hongding Photoelectric Technology
19,0,0,quick,0,0,0,15212,1,0,1,6-20,TR,0.23965806943873516,FGM TEKNİK
13,0,0,quick,0,0,0,4753,1,1,0,6-20,IL,0.21426527573902834,Aloni engineering
11,0,0,quick,0,0,0,2184,1,1,1,6-20,IL,0.15911432488635455,P.D.R ELECTRONICS
3,0,0,quick,0,0,0,770,0,0,0,6-20,IL,0.15851801533731064,M.ash presicion mechanics
13,0,0,quick,0,0,1,4753,1,1,0,6-20,IL,0.4348410094483644,Aloni engineering
11,0,0,quick,0,0,1,2184,1,1,1,6-20,IL,0.25715624924104724,P.D.R ELECTRONICS
3,0,0,quick,0,0,1,770,0,0,0,6-20,IL,0.25368720125067296,M.ash presicion mechanics
5,0,0,quick,0,0,1,788,1,1,1,21-50,IL,0.19921003658617537,Zahavi steel ltd.
16,0,0,quick,0,0,1,5314,1,1,1,50+,CN,0.1579929976384741,Hongding Photoelectric Technology
16,0,0,quick,0,1,0,5314,1,1,1,50+,CN,0.2566054021424628,Hongding Photoelectric Technology
11,0,0,quick,0,1,0,2184,1,1,1,6-20,IL,0.21679203312382384,P.D.R ELECTRONICS
19,0,0,quick,0,1,0,15212,1,0,1,6-20,TR,0.15332151492683813,FGM TEKNİK
5,0,0,quick,0,1,0,788,1,1,1,21-50,IL,0.1379292727177337,Zahavi steel ltd.
20,0,0,quick,0,1,0,15228,1,1,1,50+,TR,0.10036315952247223,Metalif Inc.
11,0,0,quick,0,1,1,2184,1,1,1,6-20,IL,0.33616559387837136,P.D.R ELECTRONICS
5,0,0,quick,0,1,1,788,1,1,1,21-50,IL,0.25623121478729133,Zahavi steel ltd.
13,0,0,quick,0,1,1,4753,1,1,0,6-20,IL,0.2216114128907205,Aloni engineering
3,0,0,quick,0,1,1,770,0,0,0,6-20,IL,0.15703099776160886,M.ash presicion mechanics
16,0,0,quick,0,1,1,5314,1,1,1,50+,CN,0.15650719133271107,Hongding Photoelectric Technology
16,0,0,standard,1,0,0,5314,1,1,1,50+,CN,0.35980346890649223,Hongding Photoelectric Technology
20,0,0,standard,1,0,0,15228,1,1,1,50+,TR,0.339860578711118,Metalif Inc.
19,0,0,standard,1,0,0,15212,1,0,1,6-20,TR,0.18762612412727045,FGM TEKNİK
5,0,0,standard,1,0,0,788,1,1,1,21-50,IL,0.1836745122951305,Zahavi steel ltd.
10,0,0,standard,1,0,0,1714,1,1,1,50+,HU,0.14633757470610484,MATIC Kft.
20,0,0,standard,1,0,1,15228,1,1,1,50+,TR,0.43235280727560343,Metalif Inc.
5,0,0,standard,1,0,1,788,1,1,1,21-50,IL,0.3263584922251521,Zahavi steel ltd.
16,0,0,standard,1,0,1,5314,1,1,1,50+,CN,0.2320130400621052,Hongding Photoelectric Technology
11,0,0,standard,1,0,1,2184,1,1,1,6-20,IL,0.22227237095052552,P.D.R ELECTRONICS
13,0,0,standard,1,0,1,4753,1,1,0,6-20,IL,0.20072245176497427,Aloni engineering
20,0,0,standard,1,1,0,15228,1,1,1,50+,TR,0.513636926911287,Metalif Inc.
16,0,0,standard,1,1,0,5314,1,1,1,50+,CN,0.3572249678207517,Hongding Photoelectric Technology
5,0,0,standard,1,1,0,788,1,1,1,21-50,IL,0.23756808635067833,Zahavi steel ltd.
11,0,0,standard,1,1,0,2184,1,1,1,6-20,IL,0.18601256053499704,P.D.R ELECTRONICS
19,0,0,standard,1,1,0,15212,1,0,1,6-20,TR,0.11714605848058725,FGM TEKNİK
20,0,0,standard,1,1,1,15228,1,1,1,50+,TR,0.6097398154336863,Metalif Inc.
5,0,0,standard,1,1,1,788,1,1,1,21-50,IL,0.40152555073630397,Zahavi steel ltd.
11,0,0,standard,1,1,1,2184,1,1,1,6-20,IL,0.29481755597021575,P.D.R ELECTRONICS
16,0,0,standard,1,1,1,5314,1,1,1,50+,CN,0.23002129346666653,Hongding Photoelectric Technology
25,0,0,standard,1,1,1,19928,1,1,1,6-20,IL,0.09914739363439398,"א.ל. כרסומטל זיווד בע""מ"
19,0,0,standard,0,0,0,15212,1,0,1,6-20,TR,0.3378599901388869,FGM TEKNİK
16,0,0,standard,0,0,0,5314,1,1,1,50+,CN,0.25689599174810807,Hongding Photoelectric Technology
13,0,0,standard,0,0,0,4753,1,1,0,6-20,IL,0.18949018004645696,Aloni engineering
11,0,0,standard,0,0,0,2184,1,1,1,6-20,IL,0.1575782537575585,P.D.R ELECTRONICS
15,0,0,standard,0,0,0,5011,0,0,0,6-20,IL,0.14337923674148342,YAAF
13,0,0,standard,0,0,1,4753,1,1,0,6-20,IL,0.3974626960920574,Aloni engineering
11,0,0,standard,0,0,1,2184,1,1,1,6-20,IL,0.25496067181010884,P.D.R ELECTRONICS
19,0,0,standard,0,0,1,15212,1,0,1,6-20,TR,0.22673206335047488,FGM TEKNİK
20,0,0,standard,0,0,1,15228,1,1,1,50+,TR,0.17980928751916578,Metalif Inc.
16,0,0,standard,0,0,1,5314,1,1,1,50+,CN,0.1567083213029043,Hongding Photoelectric Technology
16,0,0,standard,0,1,0,5314,1,1,1,50+,CN,0.2547614945546306,Hongding Photoelectric Technology
20,0,0,standard,0,1,0,15228,1,1,1,50+,TR,0.23311218149277313,Metalif Inc.
19,0,0,standard,0,1,0,15212,1,0,1,6-20,TR,0.22669389933401837,FGM TEKNİK
11,0,0,standard,0,1,0,2184,1,1,1,6-20,IL,0.21484141084083053,P.D.R ELECTRONICS
5,0,0,standard,0,1,0,788,1,1,1,21-50,IL,0.08033202884953526,Zahavi steel ltd.
11,0,0,standard,0,1,1,2184,1,1,1,6-20,IL,0.3335983815964593,P.D.R ELECTRONICS
20,0,0,standard,0,1,1,15228,1,1,1,50+,TR,0.31020452796188014,Metalif Inc.
13,0,0,standard,0,1,1,4753,1,1,0,6-20,IL,0.19619899835254193,Aloni engineering
5,0,0,standard,0,1,1,788,1,1,1,21-50,IL,0.15830448728907087,Zahavi steel ltd.
16,0,0,standard,0,1,1,5314,1,1,1,50+,CN,0.15523236908941562,Hongding Photoelectric Technology
5,0,0,urgent,1,0,0,788,1,1,1,21-50,IL,0.580136942433953,Zahavi steel ltd.
16,0,0,urgent,1,0,0,5314,1,1,1,50+,CN,0.16356241342966216,Hongding Photoelectric Technology
3,0,0,urgent,1,0,0,770,0,0,0,6-20,IL,0.10891406673891772,M.ash presicion mechanics
4,0,0,urgent,1,0,0,774,1,1,1,21-50,IL,0.10675039473404555,R.Benes Metal Ltd.
17,0,0,urgent,1,0,0,7490,1,1,0,6-20,IL,0.08443291610423992,GS ELECTRONIC PACKAGING
5,0,0,urgent,1,0,1,788,1,1,1,21-50,IL,0.7484347948218261,Zahavi steel ltd.
3,0,0,urgent,1,0,1,770,0,0,0,6-20,IL,0.18069763177137668,M.ash presicion mechanics
13,0,0,urgent,1,0,1,4753,1,1,0,6-20,IL,0.14678203588198377,Aloni engineering
20,0,0,urgent,1,0,1,15228,1,1,1,50+,TR,0.10132683287816184,Metalif Inc.
11,0,0,urgent,1,0,1,2184,1,1,1,6-20,IL,0.09889392333952979,P.D.R ELECTRONICS
5,0,0,urgent,1,1,0,788,1,1,1,21-50,IL,0.6567680717123663,Zahavi steel ltd.
16,0,0,urgent,1,1,0,5314,1,1,1,50+,CN,0.16203431010411284,Hongding Photoelectric Technology
4,0,0,urgent,1,1,0,774,1,1,1,21-50,IL,0.14813793230089228,R.Benes Metal Ltd.
17,0,0,urgent,1,1,0,7490,1,1,0,6-20,IL,0.1380459792136189,GS ELECTRONIC PACKAGING
20,0,0,urgent,1,1,0,15228,1,1,1,50+,TR,0.13519933754235341,Metalif Inc.
5,0,0,urgent,1,1,1,788,1,1,1,21-50,IL,0.8046902776028748,Zahavi steel ltd.
20,0,0,urgent,1,1,1,15228,1,1,1,50+,TR,0.1878423643774638,Metalif Inc.
11,0,0,urgent,1,1,1,2184,1,1,1,6-20,IL,0.13833334278701193,P.D.R ELECTRONICS
4,0,0,urgent,1,1,1,774,1,1,1,21-50,IL,0.12283530066502611,R.Benes Metal Ltd.
3,0,0,urgent,1,1,1,770,0,0,0,6-20,IL,0.10783274203325387,M.ash presicion mechanics
5,0,0,urgent,0,0,0,788,1,1,1,21-50,IL,0.27919669261396257,Zahavi steel ltd.
3,0,0,urgent,0,0,0,770,0,0,0,6-20,IL,0.23566391197990302,M.ash presicion mechanics
15,0,0,urgent,0,0,0,5011,0,0,0,6-20,IL,0.1726108384675858,YAAF
13,0,0,urgent,0,0,0,4753,1,1,0,6-20,IL,0.13804689502963693,Aloni engineering
19,0,0,urgent,0,0,0,15212,1,0,1,6-20,TR,0.11917386989274814,FGM TEKNİK
5,0,0,urgent,0,0,1,788,1,1,1,21-50,IL,0.45474829004768913,Zahavi steel ltd.
3,0,0,urgent,0,0,1,770,0,0,0,6-20,IL,0.3574733799787007,M.ash presicion mechanics
13,0,0,urgent,0,0,1,4753,1,1,0,6-20,IL,0.31123976407995946,Aloni engineering
11,0,0,urgent,0,0,1,2184,1,1,1,6-20,IL,0.11614741932115472,P.D.R ELECTRONICS
15,0,0,urgent,0,0,1,5011,0,0,0,6-20,IL,0.09693850331788159,YAAF
5,0,0,urgent,0,1,0,788,1,1,1,21-50,IL,0.3491310875471441,Zahavi steel ltd.
3,0,0,urgent,0,1,0,770,0,0,0,6-20,IL,0.14454469548347673,M.ash presicion mechanics
16,0,0,urgent,0,1,0,5314,1,1,1,50+,CN,0.10629889217684002,Hongding Photoelectric Technology
11,0,0,urgent,0,1,0,2184,1,1,1,6-20,IL,0.09508343878995125,P.D.R ELECTRONICS
15,0,0,urgent,0,1,0,5011,0,0,0,6-20,IL,0.08557108738532448,YAAF
5,0,0,urgent,0,1,1,788,1,1,1,21-50,IL,0.5359591822594122,Zahavi steel ltd.
3,0,0,urgent,0,1,1,770,0,0,0,6-20,IL,0.23365415400503767,M.ash presicion mechanics
11,0,0,urgent,0,1,1,2184,1,1,1,6-20,IL,0.16123643361412798,P.D.R ELECTRONICS
13,0,0,urgent,0,1,1,4753,1,1,0,6-20,IL,0.1432563026347558,Aloni engineering
20,0,0,urgent,0,1,1,15228,1,1,1,50+,TR,0.062416667408252885,Metalif Inc.
16,1,1,quick,1,0,0,5314,1,1,1,50+,CN,0.4672013902705277,Hongding Photoelectric Technology
5,1,1,quick,1,0,0,788,1,1,1,21-50,IL,0.3890624698458294,Zahavi steel ltd.
20,1,1,quick,1,0,0,15228,1,1,1,50+,TR,0.2259809618996361,Metalif Inc.
11,1,1,quick,1,0,0,2184,1,1,1,6-20,IL,0.19626043362695159,P.D.R ELECTRONICS
19,1,1,quick,1,0,0,15212,1,0,1,6-20,TR,0.18063164875104923,FGM TEKNİK
5,1,1,quick,1,0,1,788,1,1,1,21-50,IL,0.5782738792351821,Zahavi steel ltd.
16,1,1,quick,1,0,1,5314,1,1,1,50+,CN,0.3203540886804995,Hongding Photoelectric Technology
13,1,1,quick,1,0,1,4753,1,1,0,6-20,IL,0.31158532777524395,Aloni engineering
11,1,1,quick,1,0,1,2184,1,1,1,6-20,IL,0.3087858094159364,P.D.R ELECTRONICS
20,1,1,quick,1,0,1,15228,1,1,1,50+,TR,0.3016425700361906,Metalif Inc.
5,1,1,quick,1,1,0,788,1,1,1,21-50,IL,0.4686248240111674,Zahavi steel ltd.
16,1,1,quick,1,1,0,5314,1,1,1,50+,CN,0.46441155668905537,Hongding Photoelectric Technology
20,1,1,quick,1,1,0,15228,1,1,1,50+,TR,0.37456808440721784,Metalif Inc.
11,1,1,quick,1,1,0,2184,1,1,1,6-20,IL,0.26318885186121327,P.D.R ELECTRONICS
4,1,1,quick,1,1,0,774,1,1,1,21-50,IL,0.15654540875694012,R.Benes Metal Ltd.
5,1,1,quick,1,1,1,788,1,1,1,21-50,IL,0.6550428546628013,Zahavi steel ltd.
20,1,1,quick,1,1,1,15228,1,1,1,50+,TR,0.46978400144752963,Metalif Inc.
11,1,1,quick,1,1,1,2184,1,1,1,6-20,IL,0.3952183986308575,P.D.R ELECTRONICS
16,1,1,quick,1,1,1,5314,1,1,1,50+,CN,0.3179179057622207,Hongding Photoelectric Technology
35,1,1,quick,1,1,1,44404,1,1,1,6-20,IL,0.19795081296977224,4MODEL
16,1,1,quick,0,0,0,5314,1,1,1,50+,CN,0.3503888139470415,Hongding Photoelectric Technology
19,1,1,quick,0,0,0,15212,1,0,1,6-20,TR,0.32752293348258393,FGM TEKNİK
13,1,1,quick,0,0,0,4753,1,1,0,6-20,IL,0.29645023141661303,Aloni engineering
11,1,1,quick,0,0,0,2184,1,1,1,6-20,IL,0.22623610249270698,P.D.R ELECTRONICS
3,1,1,quick,0,0,0,770,0,0,0,6-20,IL,0.2254556870747106,M.ash presicion mechanics
13,1,1,quick,0,0,1,4753,1,1,0,6-20,IL,0.5431470411872513,Aloni engineering
11,1,1,quick,0,0,1,2184,1,1,1,6-20,IL,0.34849600989275903,P.D.R ELECTRONICS
3,1,1,quick,0,0,1,770,0,0,0,6-20,IL,0.3443659950151725,M.ash presicion mechanics
5,1,1,quick,0,0,1,788,1,1,1,21-50,IL,0.27766095179962186,Zahavi steel ltd.
16,1,1,quick,0,0,1,5314,1,1,1,50+,CN,0.22476818756067202,Hongding Photoelectric Technology
16,1,1,quick,0,1,0,5314,1,1,1,50+,CN,0.34784112374784965,Hongding Photoelectric Technology
11,1,1,quick,0,1,0,2184,1,1,1,6-20,IL,0.29957664956267355,P.D.R ELECTRONICS
19,1,1,quick,0,1,0,15212,1,0,1,6-20,TR,0.21863498670583292,FGM TEKNİK
5,1,1,quick,0,1,0,788,1,1,1,21-50,IL,0.19822088430757187,Zahavi steel ltd.
20,1,1,quick,0,1,0,15228,1,1,1,50+,TR,0.147034624542704,Metalif Inc.
11,1,1,quick,0,1,1,2184,1,1,1,6-20,IL,0.43898467000798985,P.D.R ELECTRONICS
5,1,1,quick,0,1,1,788,1,1,1,21-50,IL,0.347396066398311,Zahavi steel ltd.
13,1,1,quick,0,1,1,4753,1,1,0,6-20,IL,0.3055184768949871,Aloni engineering
3,1,1,quick,0,1,1,770,0,0,0,6-20,IL,0.22350752845416155,M.ash presicion mechanics
16,1,1,quick,0,1,1,5314,1,1,1,50+,CN,0.22282059053215975,Hongding Photoelectric Technology
16,1,1,standard,1,0,0,5314,1,1,1,50+,CN,0.4647903406995364,Hongding Photoelectric Technology
20,1,1,standard,1,0,0,15228,1,1,1,50+,TR,0.44305551896724477,Metalif Inc.
19,1,1,standard,1,0,0,15212,1,0,1,6-20,TR,0.26301348741607633,FGM TEKNİK
5,1,1,standard,1,0,0,788,1,1,1,21-50,IL,0.2579783396975524,Zahavi steel ltd.
10,1,1,standard,1,0,0,1714,1,1,1,50+,HU,0.2094117949756586,MATIC Kft.
20,1,1,standard,1,0,1,15228,1,1,1,50+,TR,0.5406319433400069,Metalif Inc.
5,1,1,standard,1,0,1,788,1,1,1,21-50,IL,0.4281124413229455,Zahavi steel ltd.
16,1,1,standard,1,0,1,5314,1,1,1,50+,CN,0.3182482037717001,Hongding Photoelectric Technology
11,1,1,standard,1,0,1,2184,1,1,1,6-20,IL,0.3063312024063099,P.D.R ELECTRONICS
13,1,1,standard,1,0,1,4753,1,1,0,6-20,IL,0.2795610419026827,Aloni engineering
20,1,1,standard,1,1,0,15228,1,1,1,50+,TR,0.6200372540382048,Metalif Inc.
16,1,1,standard,1,1,0,5314,1,1,1,50+,CN,0.46200242017154497,Hongding Photoelectric Technology
5,1,1,standard,1,1,0,788,1,1,1,21-50,IL,0.32499422449213045,Zahavi steel ltd.
11,1,1,standard,1,1,0,2184,1,1,1,6-20,IL,0.26095986251855013,P.D.R ELECTRONICS
19,1,1,standard,1,1,0,15212,1,0,1,6-20,TR,0.17014596429681744,FGM TEKNİK
20,1,1,standard,1,1,1,15228,1,1,1,50+,TR,0.7071047523387243,Metalif Inc.
5,1,1,standard,1,1,1,788,1,1,1,21-50,IL,0.5090071380343723,Zahavi steel ltd.
11,1,1,standard,1,1,1,2184,1,1,1,6-20,IL,0.39246683460949655,P.D.R ELECTRONICS
16,1,1,standard,1,1,1,5314,1,1,1,50+,CN,0.3158205936883901,Hongding Photoelectric Technology
25,1,1,standard,1,1,1,19928,1,1,1,6-20,IL,0.1453448357411109,"א.ל. כרסומטל זיווד בע""מ"
19,1,1,standard,0,0,0,15212,1,0,1,6-20,TR,0.4408531443254532,FGM TEKNİK
16,1,1,standard,0,0,0,5314,1,1,1,50+,CN,0.3481866403019227,Hongding Photoelectric Technology
13,1,1,standard,0,0,0,4753,1,1,0,6-20,IL,0.2653818436443308,Aloni engineering
11,1,1,standard,0,0,0,2184,1,1,1,6-20,IL,0.22422483302591634,P.D.R ELECTRONICS
15,1,1,standard,0,0,0,5011,0,0,0,6-20,IL,0.20548528757815424,YAAF
13,1,1,standard,0,0,1,4753,1,1,0,6-20,IL,0.5047740094500129,Aloni engineering
11,1,1,standard,0,0,1,2184,1,1,1,6-20,IL,0.34588369659852786,P.D.R ELECTRONICS
19,1,1,standard,0,0,1,15212,1,0,1,6-20,TR,0.311801292864486,FGM TEKNİK
20,1,1,standard,0,0,1,15228,1,1,1,50+,TR,0.25303415140635777,Metalif Inc.
16,1,1,standard,0,0,1,5314,1,1,1,50+,CN,0.22308440210202599,Hongding Photoelectric Technology
16,1,1,standard,0,1,0,5314,1,1,1,50+,CN,0.34564644244593346,Hongding Photoelectric Technology
20,1,1,standard,0,1,0,15228,1,1,1,50+,TR,0.3195858726641827,Metalif Inc.
19,1,1,standard,0,1,0,15212,1,0,1,6-20,TR,0.3117545827493592,FGM TEKNİK
11,1,1,standard,0,1,0,2184,1,1,1,6-20,IL,0.29716377595528587,P.D.R ELECTRONICS
5,1,1,standard,0,1,0,788,1,1,1,21-50,IL,0.11891981614644075,Zahavi steel ltd.
11,1,1,standard,0,1,1,2184,1,1,1,6-20,IL,0.4361481435044794,P.D.R ELECTRONICS
20,1,1,standard,0,1,1,15228,1,1,1,50+,TR,0.40998722818261224,Metalif Inc.
13,1,1,standard,0,1,1,4753,1,1,0,6-20,IL,0.27386967148090396,Aloni engineering
5,1,1,standard,0,1,1,788,1,1,1,21-50,IL,0.22517612034643167,Zahavi steel ltd.
16,1,1,standard,0,1,1,5314,1,1,1,50+,CN,0.22114723294071384,Hongding Photoelectric Technology
5,1,1,urgent,1,0,0,788,1,1,1,21-50,IL,0.681023784733128,Zahavi steel ltd.
16,1,1,urgent,1,0,0,5314,1,1,1,50+,CN,0.23204280434201574,Hongding Photoelectric Technology
3,1,1,urgent,1,0,0,770,0,0,0,6-20,IL,0.1588597649390368,M.ash presicion mechanics
4,1,1,urgent,1,0,0,774,1,1,1,21-50,IL,0.15587744633156375,R.Benes Metal Ltd.
17,1,1,urgent,1,0,0,7490,1,1,0,6-20,IL,0.12472342929233741,GS ELECTRONIC PACKAGING
5,1,1,urgent,1,0,1,788,1,1,1,21-50,IL,0.8213362409695182,Zahavi steel ltd.
3,1,1,urgent,1,0,1,770,0,0,0,6-20,IL,0.2541721525590945,M.ash presicion mechanics
13,1,1,urgent,1,0,1,4753,1,1,0,6-20,IL,0.21000070077687913,Aloni engineering
20,1,1,urgent,1,0,1,15228,1,1,1,50+,TR,0.14837252263434725,Metalif Inc.
11,1,1,urgent,1,0,1,2184,1,1,1,6-20,IL,0.1449922704981277,P.D.R ELECTRONICS
5,1,1,urgent,1,1,0,788,1,1,1,21-50,IL,0.7472633566172762,Zahavi steel ltd.
16,1,1,urgent,1,1,0,5314,1,1,1,50+,CN,0.2300508787709479,Hongding Photoelectric Technology
4,1,1,urgent,1,1,0,774,1,1,1,21-50,IL,0.2117956158994653,R.Benes Metal Ltd.
17,1,1,urgent,1,1,0,7490,1,1,0,6-20,IL,0.19837686618188705,GS ELECTRONIC PACKAGING
20,1,1,urgent,1,1,0,15228,1,1,1,50+,TR,0.19456696694422002,Metalif Inc.
5,1,1,urgent,1,1,1,788,1,1,1,21-50,IL,0.8642463430298374,Zahavi steel ltd.
20,1,1,urgent,1,1,1,15228,1,1,1,50+,TR,0.263288453034276,Metalif Inc.
11,1,1,urgent,1,1,1,2184,1,1,1,6-20,IL,0.19876085789184691,P.D.R ELECTRONICS
4,1,1,urgent,1,1,1,774,1,1,1,21-50,IL,0.17789052699713176,R.Benes Metal Ltd.
3,1,1,urgent,1,1,1,770,0,0,0,6-20,IL,0.15737014104308042,M.ash presicion mechanics
5,1,1,urgent,0,0,0,788,1,1,1,21-50,IL,0.3744191569905433,Zahavi steel ltd.
3,1,1,urgent,0,0,0,770,0,0,0,6-20,IL,0.32268588319451375,M.ash presicion mechanics
15,1,1,urgent,0,0,0,5011,0,0,0,6-20,IL,0.24377551858775026,YAAF
13,1,1,urgent,0,0,0,4753,1,1,0,6-20,IL,0.19837809012558136,Aloni engineering
19,1,1,urgent,0,0,0,15212,1,0,1,6-20,TR,0.1729115257522271,FGM TEKNİK
5,1,1,urgent,0,0,1,788,1,1,1,21-50,IL,0.5630726261073831,Zahavi steel ltd.
3,1,1,urgent,0,0,1,770,0,0,0,6-20,IL,0.46227129329294325,M.ash presicion mechanics
13,1,1,urgent,0,0,1,4753,1,1,0,6-20,IL,0.41115697824563097,Aloni engineering
11,1,1,urgent,0,0,1,2184,1,1,1,6-20,IL,0.16878189094238233,P.D.R ELECTRONICS
15,1,1,urgent,0,0,1,5011,0,0,0,6-20,IL,0.14226926229561485,YAAF
5,1,1,urgent,0,1,0,788,1,1,1,21-50,IL,0.4532083985867307,Zahavi steel ltd.
3,1,1,urgent,0,1,0,770,0,0,0,6-20,IL,0.2070335652585197,M.ash presicion mechanics
16,1,1,urgent,0,1,0,5314,1,1,1,50+,CN,0.15525427464435493,Hongding Photoelectric Technology
11,1,1,urgent,0,1,0,2184,1,1,1,6-20,IL,0.13968090147098808,P.D.R ELECTRONICS
15,1,1,urgent,0,1,0,5011,0,0,0,6-20,IL,0.1263297840309839,YAAF
5,1,1,urgent,0,1,1,788,1,1,1,21-50,IL,0.6408903485270834,Zahavi steel ltd.
3,1,1,urgent,0,1,1,770,0,0,0,6-20,IL,0.32024493654101055,M.ash presicion mechanics
11,1,1,urgent,0,1,1,2184,1,1,1,6-20,IL,0.2290096120543017,P.D.R ELECTRONICS
13,1,1,urgent,0,1,1,4753,1,1,0,6-20,IL,0.20532186682680287,Aloni engineering
20,1,1,urgent,0,1,1,15228,1,1,1,50+,TR,0.09327152443168486,Metalif Inc.
16,1,0,quick,1,0,0,5314,1,1,1,50+,CN,0.3760565311746052,Hongding Photoelectric Technology
5,1,0,quick,1,0,0,788,1,1,1,21-50,IL,0.30445085830449414,Zahavi steel ltd.
20,1,0,quick,1,0,0,15228,1,1,1,50+,TR,0.16713316189751704,Metalif Inc.
11,1,0,quick,1,0,0,2184,1,1,1,6-20,IL,0.14371513942151348,P.D.R ELECTRONICS
19,1,0,quick,1,0,0,15212,1,0,1,6-20,TR,0.13158564246426144,FGM TEKNİK
5,1,0,quick,1,0,1,788,1,1,1,21-50,IL,0.4851929082991286,Zahavi steel ltd.
16,1,0,quick,1,0,1,5314,1,1,1,50+,CN,0.24469996899780536,Hongding Photoelectric Technology
13,1,0,quick,1,0,1,4753,1,1,0,6-20,IL,0.2372790545201956,Aloni engineering
11,1,0,quick,1,0,1,2184,1,1,1,6-20,IL,0.2349193354357915,P.D.R ELECTRONICS
20,1,0,quick,1,0,1,15228,1,1,1,50+,TR,0.22891895337137055,Metalif Inc.
5,1,0,quick,1,1,0,788,1,1,1,21-50,IL,0.3773989710305903,Zahavi steel ltd.
16,1,0,quick,1,1,0,5314,1,1,1,50+,CN,0.37342949497880745,Hongding Photoelectric Technology
20,1,0,quick,1,1,0,15228,1,1,1,50+,TR,0.2916040965239604,Metalif Inc.
11,1,0,quick,1,1,0,2184,1,1,1,6-20,IL,0.1971193074464849,P.D.R ELECTRONICS
4,1,0,quick,1,1,0,774,1,1,1,21-50,IL,0.11313638899312857,R.Benes Metal Ltd.
5,1,0,quick,1,1,1,788,1,1,1,21-50,IL,0.5661949666491267,Zahavi steel ltd.
20,1,0,quick,1,1,1,15228,1,1,1,50+,TR,0.37849322562626103,Metalif Inc.
11,1,0,quick,1,1,1,2184,1,1,1,6-20,IL,0.3099472185592393,P.D.R ELECTRONICS
16,1,0,quick,1,1,1,5314,1,1,1,50+,CN,0.2426337190584011,Hongding Photoelectric Technology
35,1,0,quick,1,1,1,44404,1,1,1,6-20,IL,0.14503461535080764,4MODEL
16,1,0,quick,0,0,0,5314,1,1,1,50+,CN,0.2704643854431138,Hongding Photoelectric Technology
19,1,0,quick,0,0,0,15212,1,0,1,6-20,TR,0.2508005722278907,FGM TEKNİK
13,1,0,quick,0,0,0,4753,1,1,0,6-20,IL,0.22457588561599043,Aloni engineering
11,1,0,quick,0,0,0,2184,1,1,1,6-20,IL,0.16733622524713287,P.D.R ELECTRONICS
3,1,0,quick,0,0,0,770,0,0,0,6-20,IL,0.16671521168776252,M.ash presicion mechanics
13,1,0,quick,0,0,1,4753,1,1,0,6-20,IL,0.44969113955178724,Aloni engineering
11,1,0,quick,0,0,1,2184,1,1,1,6-20,IL,0.26882466442563735,P.D.R ELECTRONICS
3,1,0,quick,0,0,1,770,0,0,0,6-20,IL,0.2652544160316649,M.ash presicion mechanics
5,1,0,quick,0,0,1,788,1,1,1,21-50,IL,0.20898887043746867,Zahavi steel ltd.
16,1,0,quick,0,0,1,5314,1,1,1,50+,CN,0.1661684057908048,Hongding Photoelectric Technology
16,1,0,quick,0,1,0,5314,1,1,1,50+,CN,0.26825784886038856,Hongding Photoelectric Technology
11,1,0,quick,0,1,0,2184,1,1,1,6-20,IL,0.2271890758501733,P.D.R ELECTRONICS
19,1,0,quick,0,1,0,15212,1,0,1,6-20,TR,0.16130150267516752,FGM TEKNİK
5,1,0,quick,0,1,0,788,1,1,1,21-50,IL,0.14524556533462288,Zahavi steel ltd.
20,1,0,quick,0,1,0,15228,1,1,1,50+,TR,0.10593166048177897,Metalif Inc.
11,1,0,quick,0,1,1,2184,1,1,1,6-20,IL,0.3497312071497375,P.D.R ELECTRONICS
5,1,0,quick,0,1,1,788,1,1,1,21-50,IL,0.26787279245803775,Zahavi steel ltd.
13,1,0,quick,0,1,1,4753,1,1,0,6-20,IL,0.23217107085652774,Aloni engineering
3,1,0,quick,0,1,1,770,0,0,0,6-20,IL,0.16516639142019574,M.ash presicion mechanics
16,1,0,quick,0,1,1,5314,1,1,1,50+,CN,0.16462074738088156,Hongding Photoelectric Technology
16,1,0,standard,1,0,0,5314,1,1,1,50+,CN,0.3737858608974043,Hongding Photoelectric Technology
20,1,0,standard,1,0,0,15228,1,1,1,50+,TR,0.3534958987171768,Metalif Inc.
19,1,0,standard,1,0,0,15212,1,0,1,6-20,TR,0.19697619674865802,FGM TEKNİK
5,1,0,standard,1,0,0,788,1,1,1,21-50,IL,0.19287441569230246,Zahavi steel ltd.
10,1,0,standard,1,0,0,1714,1,1,1,50+,HU,0.15402019040122983,MATIC Kft.
20,1,0,standard,1,0,1,15228,1,1,1,50+,TR,0.44718519955578095,Metalif Inc.
5,1,0,standard,1,0,1,788,1,1,1,21-50,IL,0.33973088604850465,Zahavi steel ltd.
16,1,0,standard,1,0,1,5314,1,1,1,50+,CN,0.2429136566642471,Hongding Photoelectric Technology
11,1,0,standard,1,0,1,2184,1,1,1,6-20,IL,0.23285410171394438,P.D.R ELECTRONICS
13,1,0,standard,1,0,1,4753,1,1,0,6-20,IL,0.21055600641771474,Aloni engineering
20,1,0,standard,1,1,0,15228,1,1,1,50+,TR,0.5286608385838446,Metalif Inc.
16,1,0,standard,1,1,0,5314,1,1,1,50+,CN,0.37116525100759395,Hongding Photoelectric Technology
5,1,0,standard,1,1,0,788,1,1,1,21-50,IL,0.24864519524993925,Zahavi steel ltd.
11,1,0,standard,1,1,0,2184,1,1,1,6-20,IL,0.1953015547242439,P.D.R ELECTRONICS
19,1,0,standard,1,1,0,15212,1,0,1,6-20,TR,0.12351788578944976,FGM TEKNİK
20,1,0,standard,1,1,1,15228,1,1,1,50+,TR,0.623968414398178,Metalif Inc.
5,1,0,standard,1,1,1,788,1,1,1,21-50,IL,0.4160755543601635,Zahavi steel ltd.
11,1,0,standard,1,1,1,2184,1,1,1,6-20,IL,0.30748748625003564,P.D.R ELECTRONICS
16,1,0,standard,1,1,1,5314,1,1,1,50+,CN,0.2408576803460203,Hongding Photoelectric Technology
25,1,0,standard,1,1,1,19928,1,1,1,6-20,IL,0.10465628677884245,"א.ל. כרסומטל זיווד בע""מ"
19,1,0,standard,0,0,0,15212,1,0,1,6-20,TR,0.35145777851197135,FGM TEKNİK
16,1,0,standard,0,0,0,5314,1,1,1,50+,CN,0.2685568671006275,Hongding Photoelectric Technology
13,1,0,standard,0,0,0,4753,1,1,0,6-20,IL,0.19891040035798993,Aloni engineering
11,1,0,standard,0,0,0,2184,1,1,1,6-20,IL,0.16573642512025089,P.D.R ELECTRONICS
15,1,0,standard,0,0,0,5011,0,0,0,6-20,IL,0.15093400194660286,YAAF
13,1,0,standard,0,0,1,4753,1,1,0,6-20,IL,0.4119668187882022,Aloni engineering
11,1,0,standard,0,0,1,2184,1,1,1,6-20,IL,0.26656521255747173,P.D.R ELECTRONICS
19,1,0,standard,0,0,1,15212,1,0,1,6-20,TR,0.2374612820569888,FGM TEKNİK
20,1,0,standard,0,0,1,15228,1,1,1,50+,TR,0.1888603798082628,Metalif Inc.
16,1,0,standard,0,0,1,5314,1,1,1,50+,CN,0.16483026666077882,Hongding Photoelectric Technology
16,1,0,standard,0,1,0,5314,1,1,1,50+,CN,0.2663602107866982,Hongding Photoelectric Technology
20,1,0,standard,0,1,0,15228,1,1,1,50+,TR,0.24404802861646305,Metalif Inc.
19,1,0,standard,0,1,0,15212,1,0,1,6-20,TR,0.23742186657388553,FGM TEKNİK
11,1,0,standard,0,1,0,2184,1,1,1,6-20,IL,0.2251717997628761,P.D.R ELECTRONICS
5,1,0,standard,0,1,0,788,1,1,1,21-50,IL,0.08489400900817944,Zahavi steel ltd.
11,1,0,standard,0,1,1,2184,1,1,1,6-20,IL,0.3471145679578012,P.D.R ELECTRONICS
20,1,0,standard,0,1,1,15228,1,1,1,50+,TR,0.32323261971644396,Metalif Inc.
13,1,0,standard,0,1,1,4753,1,1,0,6-20,IL,0.20586802432922507,Aloni engineering
5,1,0,standard,0,1,1,788,1,1,1,21-50,IL,0.16649282649733405,Zahavi steel ltd.
16,1,0,standard,0,1,1,5314,1,1,1,50+,CN,0.16329263069400318,Hongding Photoelectric Technology
5,1,0,urgent,1,0,0,788,1,1,1,21-50,IL,0.5947274684361106,Zahavi steel ltd.
16,1,0,urgent,1,0,0,5314,1,1,1,50+,CN,0.17196715438259855,Hongding Photoelectric Technology
3,1,0,urgent,1,0,0,770,0,0,0,6-20,IL,0.1148964100798399,M.ash presicion mechanics
4,1,0,urgent,1,0,0,774,1,1,1,21-50,IL,0.11262891501215634,R.Benes Metal Ltd.
17,1,0,urgent,1,0,0,7490,1,1,0,6-20,IL,0.08920519254574984,GS ELECTRONIC PACKAGING
5,1,0,urgent,1,0,1,788,1,1,1,21-50,IL,0.7596003680962127,Zahavi steel ltd.
3,1,0,urgent,1,0,1,770,0,0,0,6-20,IL,0.18978309384232125,M.ash presicion mechanics
13,1,0,urgent,1,0,1,4753,1,1,0,6-20,IL,0.15448376282681756,Aloni engineering
20,1,0,urgent,1,0,1,15228,1,1,1,50+,TR,0.10694244592855036,Metalif Inc.
11,1,0,urgent,1,0,1,2184,1,1,1,6-20,IL,0.10439036498696586,P.D.R ELECTRONICS
5,1,0,urgent,1,1,0,788,1,1,1,21-50,IL,0.6702094408642001,Zahavi steel ltd.
16,1,0,urgent,1,1,0,5314,1,1,1,50+,CN,0.17037652312736995,Hongding Photoelectric Technology
4,1,0,urgent,1,1,0,774,1,1,1,21-50,IL,0.1558978044571429,R.Benes Metal Ltd.
17,1,0,urgent,1,1,0,7490,1,1,0,6-20,IL,0.14536741849859752,GS ELECTRONIC PACKAGING
20,1,0,urgent,1,1,0,15228,1,1,1,50+,TR,0.14239474275079902,Metalif Inc.
5,1,0,urgent,1,1,1,788,1,1,1,21-50,IL,0.8139795704629785,Zahavi steel ltd.
20,1,0,urgent,1,1,1,15228,1,1,1,50+,TR,0.1972005971786069,Metalif Inc.
11,1,0,urgent,1,1,1,2184,1,1,1,6-20,IL,0.14566744712843946,P.D.R ELECTRONICS
4,1,0,urgent,1,1,1,774,1,1,1,21-50,IL,0.12947119705016052,R.Benes Metal Ltd.
3,1,0,urgent,1,1,1,770,0,0,0,6-20,IL,0.11376327398633078,M.ash presicion mechanics
5,1,0,urgent,0,0,0,788,1,1,1,21-50,IL,0.2914727826530079,Zahavi steel ltd.
3,1,0,urgent,0,0,0,770,0,0,0,6-20,IL,0.24668096106091972,M.ash presicion mechanics
15,1,0,urgent,0,0,0,5011,0,0,0,6-20,IL,0.18137971234264708,YAAF
13,1,0,urgent,0,0,0,4753,1,1,0,6-20,IL,0.14536837469448802,Aloni engineering
19,1,0,urgent,0,0,0,15212,1,0,1,6-20,TR,0.1256402977054291,FGM TEKNİK
5,1,0,urgent,0,0,1,788,1,1,1,21-50,IL,0.4697132349002429,Zahavi steel ltd.
3,1,0,urgent,0,0,1,770,0,0,0,6-20,IL,0.3714177556318356,M.ash presicion mechanics
13,1,0,urgent,0,0,1,4753,1,1,0,6-20,IL,0.32429089382387954,Aloni engineering
11,1,0,urgent,0,0,1,2184,1,1,1,6-20,IL,0.12247246368288431,P.D.R ELECTRONICS
15,1,0,urgent,0,0,1,5011,0,0,0,6-20,IL,0.1023386072098217,YAAF
5,1,0,urgent,0,1,0,788,1,1,1,21-50,IL,0.36293385918310556,Zahavi steel ltd.
3,1,0,urgent,0,1,0,770,0,0,0,6-20,IL,0.1521499623901758,M.ash presicion mechanics
16,1,0,urgent,0,1,0,5314,1,1,1,50+,CN,0.11215567097127657,Hongding Photoelectric Technology
11,1,0,urgent,0,1,0,2184,1,1,1,6-20,IL,0.10039169156826198,P.D.R ELECTRONICS
15,1,0,urgent,0,1,0,5011,0,0,0,6-20,IL,0.09040134305704861,YAAF
5,1,0,urgent,0,1,1,788,1,1,1,21-50,IL,0.5508964598618025,Zahavi steel ltd.
3,1,0,urgent,0,1,1,770,0,0,0,6-20,IL,0.24460731669487676,M.ash presicion mechanics
11,1,0,urgent,0,1,1,2184,1,1,1,6-20,IL,0.16954587991245798,P.D.R ELECTRONICS
13,1,0,urgent,0,1,1,4753,1,1,0,6-20,IL,0.15080573068993294,Aloni engineering
20,1,0,urgent,0,1,1,15228,1,1,1,50+,TR,0.06603430252344973,Metalif Inc.
